BARCODE	CLASS	DRUG	STATUS	GENE	POSITION	REFERENCE	ALTERNATE	PMID	CONFIDENCE
1006	First Line	Isoniazid	Resistance	fabG1 ---	1673425	C	T	26104204	yes
1006	First Line	Isoniazid	Resistance	inhA Ile194Thr	1674782	T	C	21110864	no
1006	First Line	Rifampicin	Resistance	rpoB Ser450Trp	761155	C	G	7759399	yes
1006	First Line	Rifampicin	Resistance	rpoB Ser450Leu	761155	C	T	21300839	yes
1006	Second Line	Ethionamide	Resistance	fabG1 ---	1673425	C	T	26104204	yes
1006	Second Line	Ethionamide	Resistance	inhA Ile194Thr	1674782	T	C	21110864	no
1006	Second Line	Fluoroquinolones	Resistance	gyrB Asn499Asp	6734	A	G	17412727	yes
1006	Second Line	Fluoroquinolones	Resistance	gyrB Asn499Thr	6735	A	C	24055765	yes
1006	Second Line	Fluoroquinolones	Resistance	gyrB Thr500Pro	6737	A	C	24055765	yes
1006	Second Line	Fluoroquinolones	Resistance	gyrB Glu501Val	6741	A	T	19721073	yes
1006	Second Line	Fluoroquinolones	Resistance	gyrB Ala504Val	6750	C	T	24055765	yes
1006	Second Line	Fluoroquinolones	Resistance	gyrA Gly88Cys	7563	G	T	24055765	yes
1006	Second Line	Fluoroquinolones	Resistance	gyrA Gly88Ala	7564	G	C	24055765	yes
1006	Second Line	Fluoroquinolones	Resistance	gyrA Ala90Val	7570	C	T	21300839	yes
1006	Second Line	Fluoroquinolones	Resistance	gyrA Ser91Pro	7572	T	C	21562102	yes
1006	Second Line	Fluoroquinolones	Resistance	gyrA Asp94Gly	7582	A	G	21300839	yes
1006	Second Line	Fluoroquinolones	Resistance	gyrA Asp94Ala	7582	A	C	21300839	yes
1006	Second Line	Fluoroquinolones	Resistance	gyrB Arg446Cys	6575	C	T	19470506	no
1006	Second Line	Fluoroquinolones	Resistance	gyrB Ala504Thr	6749	G	A	19470506	no
1006	Second Line	Fluoroquinolones	Resistance	gyrA Asp94Val	7582	A	T	17434825	no
1009	First Line	Isoniazid	Resistance	katG Ser315Thr	2155168	G	C	8878604	yes
1009	First Line	Isoniazid	Resistance	katG Ser315Asn	2155168	G	A	9210694	yes
1009	First Line	Isoniazid	Resistance	katG Ser315Ile	2155168	G	T	9210694	yes
1009	First Line	Rifampicin	Resistance	rpoB Val170Phe	760314	G	T	11136757	yes
1009	First Line	Ethambutol	Resistance	embB Gly406Ala	4247730	G	C	20427375	yes
1009	First Line	Ethambutol	Resistance	embB Gly406Asp	4247730	G	A	20427375	yes
1009	First Line	Pyrazinamide	Resistance	pncA Leu19Pro	2289186	T	C	25336456	yes
1009	Second Line	Fluoroquinolones	Resistance	gyrB Asn499Asp	6734	A	G	17412727	yes
1009	Second Line	Fluoroquinolones	Resistance	gyrB Asn499Lys	6736	C	G	24055765	yes
1009	Second Line	Fluoroquinolones	Resistance	gyrB Thr500Asn	6738	C	A	24055765	yes
1009	Second Line	Fluoroquinolones	Resistance	gyrB Glu501Val	6741	A	T	19721073	yes
1009	Second Line	Fluoroquinolones	Resistance	gyrB Ala504Val	6750	C	T	24055765	yes
1009	Second Line	Fluoroquinolones	Resistance	gyrA Gly88Cys	7563	G	T	24055765	yes
1009	Second Line	Fluoroquinolones	Resistance	gyrA Gly88Ala	7564	G	C	24055765	yes
1009	Second Line	Fluoroquinolones	Resistance	gyrA Ser91Pro	7572	T	C	21562102	yes
1009	Second Line	Fluoroquinolones	Resistance	gyrA Asp94His	7581	G	C	21562102	yes
1009	Second Line	Fluoroquinolones	Resistance	gyrA Asp94Asn	7581	G	A	21562102	yes
1009	Second Line	Fluoroquinolones	Resistance	gyrA Asp94Tyr	7581	G	T	21562102	yes
1009	Second Line	Fluoroquinolones	Resistance	gyrB Ala504Thr	6749	G	A	19470506	no
1009	Second Line	Streptomycin	Resistance	rpsL Lys43Arg	781687	A	G	22646308	yes
1004	First Line	Isoniazid	Resistance	fabG1 ---	1673425	C	T	26104204	yes
1004	First Line	Rifampicin	Resistance	rpoB Ser450Trp	761155	C	G	7759399	yes
1004	First Line	Rifampicin	Resistance	rpoB Ser450Leu	761155	C	T	21300839	yes
1004	First Line	Ethambutol	Resistance	embB Gly406Ser	4247729	G	A	20427375	yes
1004	First Line	Ethambutol	Resistance	embB Gly406Cys	4247729	G	T	24055765	yes
1004	First Line	Ethambutol	Resistance	embA ---	4243221	C	T	20427375	no
1004	Second Line	Ethionamide	Resistance	fabG1 ---	1673425	C	T	26104204	yes
1004	Second Line	Fluoroquinolones	Resistance	gyrB Asp461Ala	6621	A	C	24055765	yes
1004	Second Line	Fluoroquinolones	Resistance	gyrB Asn499Asp	6734	A	G	17412727	yes
1004	Second Line	Fluoroquinolones	Resistance	gyrB Asn499Thr	6735	A	C	24055765	yes
1004	Second Line	Fluoroquinolones	Resistance	gyrB Thr500Pro	6737	A	C	24055765	yes
1004	Second Line	Fluoroquinolones	Resistance	gyrB Thr500Asn	6738	C	A	24055765	yes
1004	Second Line	Fluoroquinolones	Resistance	gyrB Glu501Val	6741	A	T	19721073	yes
1004	Second Line	Fluoroquinolones	Resistance	gyrB Glu501Asp	6742	A	T	19721073	yes
1004	Second Line	Fluoroquinolones	Resistance	gyrB Ala504Val	6750	C	T	24055765	yes
1004	Second Line	Fluoroquinolones	Resistance	gyrA Gly88Cys	7563	G	T	24055765	yes
1004	Second Line	Fluoroquinolones	Resistance	gyrA Gly88Ala	7564	G	C	24055765	yes
1004	Second Line	Fluoroquinolones	Resistance	gyrA Ala90Val	7570	C	T	21300839	yes
1004	Second Line	Fluoroquinolones	Resistance	gyrA Ser91Pro	7572	T	C	21562102	yes
1004	Second Line	Fluoroquinolones	Resistance	gyrA Asp94Gly	7582	A	G	21300839	yes
1004	Second Line	Fluoroquinolones	Resistance	gyrA Asp94Ala	7582	A	C	21300839	yes
1004	Second Line	Fluoroquinolones	Resistance	gyrB Arg446Cys	6575	C	T	19470506	no
1004	Second Line	Fluoroquinolones	Resistance	gyrB Ala504Thr	6749	G	A	19470506	no
1004	Second Line	Fluoroquinolones	Resistance	gyrA Asp94Val	7582	A	T	17434825	no
1002	First Line	Isoniazid	Resistance	fabG1 ---	1673425	C	T	26104204	yes
1002	First Line	Rifampicin	Resistance	rpoB Asp435Tyr	761109	G	T	11880449	yes
1002	Second Line	Ethionamide	Resistance	fabG1 ---	1673425	C	T	26104204	yes
1002	Second Line	Fluoroquinolones	Resistance	gyrB Asn499Asp	6734	A	G	17412727	yes
1002	Second Line	Fluoroquinolones	Resistance	gyrB Thr500Asn	6738	C	A	24055765	yes
1002	Second Line	Fluoroquinolones	Resistance	gyrB Glu501Val	6741	A	T	19721073	yes
1002	Second Line	Fluoroquinolones	Resistance	gyrB Ala504Val	6750	C	T	24055765	yes
1002	Second Line	Fluoroquinolones	Resistance	gyrA Gly88Cys	7563	G	T	24055765	yes
1002	Second Line	Fluoroquinolones	Resistance	gyrA Gly88Ala	7564	G	C	24055765	yes
1002	Second Line	Fluoroquinolones	Resistance	gyrA Ser91Pro	7572	T	C	21562102	yes
1002	Second Line	Fluoroquinolones	Resistance	gyrA Asp94Gly	7582	A	G	21300839	yes
1002	Second Line	Fluoroquinolones	Resistance	gyrA Asp94Ala	7582	A	C	21300839	yes
1002	Second Line	Fluoroquinolones	Resistance	gyrB Ala504Thr	6749	G	A	19470506	no
1002	Second Line	Fluoroquinolones	Resistance	gyrA Asp94Val	7582	A	T	17434825	no
1002	Second Line	Streptomycin	Resistance	rpsL Lys43Arg	781687	A	G	22646308	yes
1005	First Line	Rifampicin	Resistance	rpoB Ser450Trp	761155	C	G	7759399	yes
1005	First Line	Rifampicin	Resistance	rpoB Ser450Leu	761155	C	T	21300839	yes
1005	Second Line	Fluoroquinolones	Resistance	gyrB Asp461Ala	6621	A	C	24055765	yes
1005	Second Line	Fluoroquinolones	Resistance	gyrB Asn499Asp	6734	A	G	17412727	yes
1005	Second Line	Fluoroquinolones	Resistance	gyrB Asn499Thr	6735	A	C	24055765	yes
1005	Second Line	Fluoroquinolones	Resistance	gyrB Thr500Asn	6738	C	A	24055765	yes
1005	Second Line	Fluoroquinolones	Resistance	gyrB Glu501Val	6741	A	T	19721073	yes
1005	Second Line	Fluoroquinolones	Resistance	gyrB Ala504Val	6750	C	T	24055765	yes
1005	Second Line	Fluoroquinolones	Resistance	gyrA Gly88Cys	7563	G	T	24055765	yes
1005	Second Line	Fluoroquinolones	Resistance	gyrA Gly88Ala	7564	G	C	24055765	yes
1005	Second Line	Fluoroquinolones	Resistance	gyrA Ser91Pro	7572	T	C	21562102	yes
1005	Second Line	Fluoroquinolones	Resistance	gyrA Asp94Gly	7582	A	G	21300839	yes
1005	Second Line	Fluoroquinolones	Resistance	gyrA Asp94Ala	7582	A	C	21300839	yes
1005	Second Line	Fluoroquinolones	Resistance	gyrB Arg446Cys	6575	C	T	19470506	no
1005	Second Line	Fluoroquinolones	Resistance	gyrB Ala504Thr	6749	G	A	19470506	no
1005	Second Line	Fluoroquinolones	Resistance	gyrA Asp94Val	7582	A	T	17434825	no
1005	Second Line	Streptomycin	Resistance	rpsL Lys43Arg	781687	A	G	22646308	yes
1010	First Line	Isoniazid	Resistance	fabG1 ---	1673425	C	T	26104204	yes
1010	First Line	Rifampicin	Resistance	rpoB Ser450Trp	761155	C	G	7759399	yes
1010	First Line	Rifampicin	Resistance	rpoB Ser450Leu	761155	C	T	21300839	yes
1010	First Line	Rifampicin	Resistance	rpoB Ile491Phe	761277	A	T	10565894	yes
1010	First Line	Ethambutol	Resistance	embB Met306Ile	4247431	G	A	21300839	yes
1010	First Line	Ethambutol	Resistance	embB Met306Ile	4247431	G	C	21300839	yes
1010	First Line	Ethambutol	Resistance	embB Met306Ile	4247431	G	T	21300839	yes
1010	Second Line	Ethionamide	Resistance	fabG1 ---	1673425	C	T	26104204	yes
1010	Second Line	Fluoroquinolones	Resistance	gyrB Asn499Asp	6734	A	G	17412727	yes
1010	Second Line	Fluoroquinolones	Resistance	gyrB Asn499Thr	6735	A	C	24055765	yes
1010	Second Line	Fluoroquinolones	Resistance	gyrB Thr500Pro	6737	A	C	24055765	yes
1010	Second Line	Fluoroquinolones	Resistance	gyrB Glu501Val	6741	A	T	19721073	yes
1010	Second Line	Fluoroquinolones	Resistance	gyrB Glu501Asp	6742	A	T	19721073	yes
1010	Second Line	Fluoroquinolones	Resistance	gyrB Ala504Val	6750	C	T	24055765	yes
1010	Second Line	Fluoroquinolones	Resistance	gyrA Gly88Cys	7563	G	T	24055765	yes
1010	Second Line	Fluoroquinolones	Resistance	gyrA Gly88Ala	7564	G	C	24055765	yes
1010	Second Line	Fluoroquinolones	Resistance	gyrA Ala90Val	7570	C	T	21300839	yes
1010	Second Line	Fluoroquinolones	Resistance	gyrA Ser91Pro	7572	T	C	21562102	yes
1010	Second Line	Fluoroquinolones	Resistance	gyrA Asp94Gly	7582	A	G	21300839	yes
1010	Second Line	Fluoroquinolones	Resistance	gyrA Asp94Ala	7582	A	C	21300839	yes
1010	Second Line	Fluoroquinolones	Resistance	gyrB Arg446Cys	6575	C	T	19470506	no
1010	Second Line	Fluoroquinolones	Resistance	gyrB Ala504Thr	6749	G	A	19470506	no
1010	Second Line	Fluoroquinolones	Resistance	gyrA Asp94Val	7582	A	T	17434825	no
1008	First Line	Isoniazid	Resistance	fabG1 ---	1673425	C	T	26104204	yes
1008	First Line	Rifampicin	Resistance	rpoB Ser450Trp	761155	C	G	7759399	yes
1008	First Line	Rifampicin	Resistance	rpoB Ser450Leu	761155	C	T	21300839	yes
1008	Second Line	Ethionamide	Resistance	fabG1 ---	1673425	C	T	26104204	yes
1008	Second Line	Fluoroquinolones	Resistance	gyrB Asn499Asp	6734	A	G	17412727	yes
1008	Second Line	Fluoroquinolones	Resistance	gyrB Asn499Thr	6735	A	C	24055765	yes
1008	Second Line	Fluoroquinolones	Resistance	gyrB Thr500Pro	6737	A	C	24055765	yes
1008	Second Line	Fluoroquinolones	Resistance	gyrB Glu501Val	6741	A	T	19721073	yes
1008	Second Line	Fluoroquinolones	Resistance	gyrB Glu501Asp	6742	A	T	19721073	yes
1008	Second Line	Fluoroquinolones	Resistance	gyrB Ala504Val	6750	C	T	24055765	yes
1008	Second Line	Fluoroquinolones	Resistance	gyrA Gly88Cys	7563	G	T	24055765	yes
1008	Second Line	Fluoroquinolones	Resistance	gyrA Gly88Ala	7564	G	C	24055765	yes
1008	Second Line	Fluoroquinolones	Resistance	gyrA Ala90Val	7570	C	T	21300839	yes
1008	Second Line	Fluoroquinolones	Resistance	gyrA Ser91Pro	7572	T	C	21562102	yes
1008	Second Line	Fluoroquinolones	Resistance	gyrA Asp94Gly	7582	A	G	21300839	yes
1008	Second Line	Fluoroquinolones	Resistance	gyrA Asp94Ala	7582	A	C	21300839	yes
1008	Second Line	Fluoroquinolones	Resistance	gyrB Arg446Cys	6575	C	T	19470506	no
1008	Second Line	Fluoroquinolones	Resistance	gyrB Ala504Thr	6749	G	A	19470506	no
1008	Second Line	Fluoroquinolones	Resistance	gyrA Asp94Val	7582	A	T	17434825	no
1008	Second Line	Streptomycin	Resistance	gidB Gly34Ala	4408102	G	C	22646308	no
1000	First Line	Rifampicin	Resistance	rpoB His445Asn	761139	C	A	14729930	yes
1000	First Line	Rifampicin	Resistance	rpoB His445Asp	761139	C	G	21300839	yes
1000	First Line	Rifampicin	Resistance	rpoB His445Tyr	761139	C	T	21300839	yes
1000	Second Line	Fluoroquinolones	Resistance	gyrB Asn499Asp	6734	A	G	17412727	yes
1000	Second Line	Fluoroquinolones	Resistance	gyrB Asn499Thr	6735	A	C	24055765	yes
1000	Second Line	Fluoroquinolones	Resistance	gyrB Thr500Asn	6738	C	A	24055765	yes
1000	Second Line	Fluoroquinolones	Resistance	gyrB Glu501Val	6741	A	T	19721073	yes
1000	Second Line	Fluoroquinolones	Resistance	gyrB Ala504Val	6750	C	T	24055765	yes
1000	Second Line	Fluoroquinolones	Resistance	gyrA Gly88Cys	7563	G	T	24055765	yes
1000	Second Line	Fluoroquinolones	Resistance	gyrA Gly88Ala	7564	G	C	24055765	yes
1000	Second Line	Fluoroquinolones	Resistance	gyrA Ser91Pro	7572	T	C	21562102	yes
1000	Second Line	Fluoroquinolones	Resistance	gyrB Arg446Cys	6575	C	T	19470506	no
1000	Second Line	Fluoroquinolones	Resistance	gyrB Ala504Thr	6749	G	A	19470506	no
1007	First Line	Rifampicin	Resistance	rpoB Ser450Trp	761155	C	G	7759399	yes
1007	First Line	Rifampicin	Resistance	rpoB Ser450Leu	761155	C	T	21300839	yes
1007	First Line	Ethambutol	Resistance	embB Met306Ile	4247431	G	A	21300839	yes
1007	First Line	Ethambutol	Resistance	embB Met306Ile	4247431	G	C	21300839	yes
1007	First Line	Ethambutol	Resistance	embB Met306Ile	4247431	G	T	21300839	yes
1007	First Line	Ethambutol	Resistance	embB Gln497Arg	4248003	A	G	20427375	yes
1007	First Line	Pyrazinamide	Resistance	pncA Gly97Ala	2288952	G	C	25336456	yes
1007	First Line	Pyrazinamide	Resistance	pncA Gly97Asp	2288952	G	A	25336456	yes
1007	Second Line	Fluoroquinolones	Resistance	gyrB Asp461His	6620	G	C	24055765	yes
1007	Second Line	Fluoroquinolones	Resistance	gyrB Asp461Asn	6620	G	A	19721073	yes
1007	Second Line	Fluoroquinolones	Resistance	gyrB Asn499Asp	6734	A	G	17412727	yes
1007	Second Line	Fluoroquinolones	Resistance	gyrB Asn499Thr	6735	A	C	24055765	yes
1007	Second Line	Fluoroquinolones	Resistance	gyrB Thr500Asn	6738	C	A	24055765	yes
1007	Second Line	Fluoroquinolones	Resistance	gyrB Glu501Val	6741	A	T	19721073	yes
1007	Second Line	Fluoroquinolones	Resistance	gyrB Ala504Val	6750	C	T	24055765	yes
1007	Second Line	Fluoroquinolones	Resistance	gyrA Gly88Cys	7563	G	T	24055765	yes
1007	Second Line	Fluoroquinolones	Resistance	gyrA Gly88Ala	7564	G	C	24055765	yes
1007	Second Line	Fluoroquinolones	Resistance	gyrA Ala90Val	7570	C	T	21300839	yes
1007	Second Line	Fluoroquinolones	Resistance	gyrA Ser91Pro	7572	T	C	21562102	yes
1007	Second Line	Fluoroquinolones	Resistance	gyrB Ala504Thr	6749	G	A	19470506	no
1001	First Line	Isoniazid	Resistance	katG Ser315Thr	2155168	G	C	8878604	yes
1001	First Line	Isoniazid	Resistance	katG Ser315Asn	2155168	G	A	9210694	yes
1001	First Line	Isoniazid	Resistance	katG Ser315Ile	2155168	G	T	9210694	yes
1001	First Line	Rifampicin	Resistance	rpoB Val170Phe	760314	G	T	11136757	yes
1001	First Line	Ethambutol	Resistance	embB Gly406Ala	4247730	G	C	20427375	yes
1001	First Line	Ethambutol	Resistance	embB Gly406Asp	4247730	G	A	20427375	yes
1001	First Line	Pyrazinamide	Resistance	pncA Leu19Pro	2289186	T	C	25336456	yes
1001	Second Line	Fluoroquinolones	Resistance	gyrB Asn499Asp	6734	A	G	17412727	yes
1001	Second Line	Fluoroquinolones	Resistance	gyrB Thr500Asn	6738	C	A	24055765	yes
1001	Second Line	Fluoroquinolones	Resistance	gyrB Glu501Val	6741	A	T	19721073	yes
1001	Second Line	Fluoroquinolones	Resistance	gyrB Ala504Val	6750	C	T	24055765	yes
1001	Second Line	Fluoroquinolones	Resistance	gyrA Gly88Cys	7563	G	T	24055765	yes
1001	Second Line	Fluoroquinolones	Resistance	gyrA Gly88Ala	7564	G	C	24055765	yes
1001	Second Line	Fluoroquinolones	Resistance	gyrA Ser91Pro	7572	T	C	21562102	yes
1001	Second Line	Fluoroquinolones	Resistance	gyrB Ala504Thr	6749	G	A	19470506	no
1001	Second Line	Streptomycin	Resistance	rpsL Lys43Arg	781687	A	G	22646308	yes
1003	First Line	Ethambutol	Resistance	embB Gln497Arg	4248003	A	G	20427375	yes
1003	Second Line	Fluoroquinolones	Resistance	gyrB Asn499Asp	6734	A	G	17412727	yes
1003	Second Line	Fluoroquinolones	Resistance	gyrB Asn499Thr	6735	A	C	24055765	yes
1003	Second Line	Fluoroquinolones	Resistance	gyrB Glu501Val	6741	A	T	19721073	yes
1003	Second Line	Fluoroquinolones	Resistance	gyrB Ala504Val	6750	C	T	24055765	yes
1003	Second Line	Fluoroquinolones	Resistance	gyrA Gly88Cys	7563	G	T	24055765	yes
1003	Second Line	Fluoroquinolones	Resistance	gyrA Gly88Ala	7564	G	C	24055765	yes
1003	Second Line	Fluoroquinolones	Resistance	gyrA Ser91Pro	7572	T	C	21562102	yes
1003	Second Line	Fluoroquinolones	Resistance	gyrA Asp94Gly	7582	A	G	21300839	yes
1003	Second Line	Fluoroquinolones	Resistance	gyrA Asp94Ala	7582	A	C	21300839	yes
1003	Second Line	Fluoroquinolones	Resistance	gyrB Arg446Cys	6575	C	T	19470506	no
1003	Second Line	Fluoroquinolones	Resistance	gyrB Ala504Thr	6749	G	A	19470506	no
1003	Second Line	Fluoroquinolones	Resistance	gyrA Asp89Asn	7566	G	A	19687244	no
1003	Second Line	Fluoroquinolones	Resistance	gyrA Asp94Val	7582	A	T	17434825	no
